"star_idx"|"s_name"|"distance from the sun"|"STAR TEMPERATURE"|"STAR MASS"|"RELATIVE RADIUS"|"STAR LUMINOSITY"|"Type Of Star"
1802|"Nathan"|83.274|2444|0.4|0.51|0.01|"M3V"
412|"Buchlau"|98.187|2870|0.4|0.48|NA|"M5V"
686|"Demeter"|114.954|2721|0.2|0.45|0.02|"M4V"
2650|"Valladolid"|591.354|2510|0.3|0.25|0.08|"M8V"
2008|"Penobscot"|336.077|2440|0.1|0.3|0.06|"M6V"
2080|"Purvo"|265.626|3881|0.6|0.94|0.57|"K3V"
2912|"McEvans' Sacrifice"|521.974|4105|0.6|NA|0.28|"K5V"
2128|"Reese Station"|338.807|4207|0.5|0.8|0.52|"K5V"
24|"Ad Duwayd"|520.786|3765|0.7|0.76|0.46|"K5V"
2933|"Eden"|1619.256|3119|0.3|0.18|0.07|"M1V"
742|"Dromini"|69.358|2752|0.4|0.33|0.07|"M5V"
2014|"Pernik"|346.195|4061|0.5|0.76|0.51|"K5V"
1846|"New Roland"|401.342|3236|0.2|0.14|0.08|"M0V"
2216|"Salford"|527.031|3942|0.6|0.71|0.38|"K2V"
2223|"Samantha"|430.124|5219|1|0.97|1.03|"G4V"
267|"Basantapur"|462.307|3283|0.1|0.16|0.06|"M2V"
636|"Cursa"|352.409|2539|NA|0.28|0.08|"M4V"
559|"Cimeron"|372.243|3002|0.4|0.55|0.04|"M2V"
829|"Euschelus"|480.108|2413|0.1|0.27|NA|"M7V"
2127|"Redondo"|502.369|4127|0.5|0.84|0.56|"K6V"
38|"Agador"|86.825|2677|0.2|0.54|0.08|"M3V"
1999|"Pavia"|129.881|4294|0.5|0.82|0.42|"K2V"
732|"Donenac"|219.159|2729|0.4|0.3|0.03|"M4V"
1287|"Kanata"|322.531|2587|0.1|0.08|0.03|"M7V"
390|"Breukelen"|166.583|3765|0.6|0.83|0.4|"K6V"
2887|"Carthage"|505.07|2702|0.1|0.1|0.02|"M5V"
1354|"Kimball"|105.922|5348|0.8|1.05|1.2|"G3V"
727|"Dol"|282.033|2624|0.3|0.3|0.03|"M5V"
1408|"Koury"|645.822|3981|0.8|0.83|0.13|"K1V"
645|"Dabih"|102.806|5556|1|1.1|1.42|"G2V"
572|"Colchester"|305.568|4800|0.8|0.72|0.34|"K2V"
2461|"Szombathely"|200.74|4010|0.5|0.78|NA|"K5V"
810|"Enzesfled"|401.763|2674|0.4|0.57|0.07|"M6V"
1951|"Ormstown"|479.676|3357|0.1|0.51|0.08|"M2V"
531|"Chenier"|582.044|3090|0.4|0.38|0.03|"M1V"
1608|"Marielund"|557.72|2570|0.3|0.22|0.05|"M7V"
492|"Castor"|43.737|4247|0.8|0.91|0.6|"K3V"
3151|"Bellerophon"|468.476|5431|0.8|1.05|0.85|"G2V"
2001|"Payvand"|376.287|2746|0.4|0.42|0.04|"M5V"
594|"Coraines"|527.511|3962|0.6|0.83|0.14|"K2V"
2839|"Zinal"|527.101|2858|0.4|0.29|0.03|"M3V"
710|"Dickinson"|184.937|2817|0.4|0.39|0.03|"M6V"
1839|"New Macao"|144.856|4581|0.5|0.85|0.52|"K2V"
1332|"Kern"|404.238|3825|0.8|0.81|0.47|"K6V"
2447|"Svelvik"|411.832|5471|0.9|1.09|0.67|"G4V"
1810|"Nestor"|172.538|2511|0.1|0.31|NA|"M4V"
1507|"Logandale"|147.645|3087|0.4|0.18|0.05|"M1V"
235|"Badlands"|550.708|4901|0.6|0.74|0.17|"K1V"
2360|"Small World"|52.168|5660|1|0.99|0.95|"G2V"
335|"Bjarred"|475.666|5297|0.9|1.12|0.93|"G5V"
2878|"Suetonius"|514.692|3917|0.5|0.83|0.58|"K3V"
2319|"Shiro"|293.99|2497|0.3|0.66|0.08|"M5V"
3062|"Tansalir"|1633.759|3947|0.5|0.71|0.09|"K2V"
1232|"Janina"|479.25|2435|0.4|0.14|0.03|"M8V"
3099|"Helvetia"|994.56|2800|0.4|0.26|0.06|"M2V"
2036|"Planting"|368.636|2930|0.4|0.18|0.07|"M3V"
1709|"Milton"|64.432|3916|0.7|0.84|0.32|"K7V"
2092|"Quemoy"|157.885|3373|0.2|0.46|0.07|"M0V"
1671|"Memphis"|579.783|5698|1|1.13|0.95|"G2V"
2400|"Stardawn"|353.546|2857|0.4|0.08|0.07|"M3V"
2617|"Ukunela"|295.225|2663|0.3|0.37|0.04|"M7V"
1595|"Mansu-ri"|271.308|2694|0.1|0.36|0.02|"M5V"
1119|"Hobson"|355.699|2746|0.3|0.09|0.05|"M1V"
1756|"Morgan's Holdfast"|699.702|2499|0.4|0.37|0.05|"M2V"
3096|"Belgae"|978.662|2572|0.2|0.36|0.07|"M3V"
1642|"McGehee"|338.724|4343|0.8|0.79|NA|"K5V"
1821|"New Capetown"|362.678|2739|0.1|0.33|0.03|"M2V"
2384|"Spencer"|489.507|2450|0.3|0.6|0.01|"M5V"
59|"Aldebaran"|69.028|2922|0.3|0.27|0.02|"M4V"
1754|"Moravian"|171.522|2516|0.2|0.45|0.07|"M3V"
1934|"Old Kentucky"|141.7|2465|0.2|0.43|0.05|"M3V"
168|"Ardoz"|250.096|2509|0.2|0.5|0.05|"M3V"
684|"Delos"|616.325|2944|0.3|0.42|0.01|"M3V"
1039|"Halifax"|459.445|5330|0.8|1|0.77|"G4V"
1308|"Kaus Australis"|83.64|2640|0.3|0.65|0.05|"M5V"
1470|"Le Blanc"|207.855|2535|0.1|0.53|0.03|"M3V"
349|"Bluford"|454.568|5202|1|1.09|0.73|"G5V"
1734|"Modesto"|554.978|4038|0.6|0.87|0.57|"K5V"
1659|"Megrez"|215.34|2674|0.2|0.65|NA|"M3V"
2922|"Siendou"|313.183|3820|0.6|0.79|0.46|"K7V"
3134|"Fylovar"|672.878|3770|0.6|0.72|0.38|"K5V"
415|"Budingen"|415.219|2940|0.1|0.11|0.07|"M2V"
496|"Cavalor"|392.55|2709|0.3|0.36|0.05|"M5V"
1187|"Imbrial"|298.28|2653|0.4|0.41|0.04|"M5V"
1687|"Merowinger"|608.18|5539|0.9|1.15|1.21|"G4V"
2231|"Sanurcha"|372.867|4559|NA|0.91|0.2|"K3V"
2451|"Swartklip"|487.555|2747|0.2|0.24|0.07|"M1V"
714|"Dieron"|19.265|2805|0.2|0.12|0.05|"M5V"
3143|"Polybius"|465.266|3147|0.3|0.17|0.03|"M2V"
1449|"Lancaster"|145.538|2490|0.4|0.44|0.03|"M8V"
1118|"Hobbs"|353.259|5426|1|1|1.48|"G4V"
23|"Acubens"|72.795|2970|0.2|0.07|0.04|"M1V"
2809|"Zacatecoluca"|443.085|2714|0.2|0.25|0.07|"M1V"
1258|"Jonathan"|137.034|4088|0.8|0.82|0.2|"K6V"
2973|"Asturias"|1317.469|2679|0.3|0.47|0.06|"M4V"
707|"Diboll"|480.08|2507|0.1|0.18|0.01|"M5V"
196|"Asta"|25.875|3518|0.4|0.29|0.03|"M1V"
2135|"Remagen"|316.94|3949|0.7|0.79|0.3|"K7V"
506|"Cerberus"|512.542|3970|0.5|0.93|NA|"K6V"
630|"Csesztreg"|397.4|2535|0.2|0.59|0.05|"M3V"
1418|"Kublenz"|506.609|3964|0.7|0.84|0.45|"K3V"
2024|"Piedmont"|111.134|5219|1|0.98|1.3|"G5V"
1021|"Gurnet"|249.28|2829|0.3|0.53|0.06|"M1V"
108|"Altorra"|263.51|5650|1|1.1|0.66|"G2V"
780|"El Dorado"|303.414|5033|0.7|0.94|0.2|"K0V"
1173|"Ife"|296.874|4526|0.6|0.89|0.29|"K3V"
316|"Bethel"|231.664|3146|0.3|0.3|0.04|"M3V"
2545|"Tikonov"|111.166|2627|0.3|0.4|0.02|"M4V"
3122|"Saggina"|2093.491|2633|0.4|0.42|0.05|"M3V"
3063|"The Eyes in the Dark"|982.065|3808|0.7|0.74|0.19|"K5V"
1618|"Marsalle"|334.917|2712|0.2|0.07|0.05|"M3V"
1902|"Novo Franklin"|670.721|2434|0.3|0.29|0.03|"M2V"
1716|"Minowa"|241.777|2545|0.4|0.11|0.03|"M2V"
206|"Atzenbrugg"|416.882|2494|0.2|0.58|0.02|"M2V"
2445|"Svalstad"|525.709|2482|0.3|0.32|NA|"M5V"
1778|"Muscida"|229.603|2872|0.1|0.24|0.07|"M1V"
1561|"Maestu"|291.07|3343|0.4|0.62|0.07|"M0V"
497|"Cavanaugh"|311.59|2916|0.2|0.48|0.01|"M5V"
1587|"Mangor"|401.097|2974|0.3|0.62|0.08|"M2V"
2942|"Gatekeeper"|1779.517|5318|1|1.14|1.21|"G2V"
511|"Chaffee"|126.066|2749|0.4|0.65|0.03|"M2V"
89|"Alphecca"|77.664|3050|0.4|0.2|0.02|"M2V"
1884|"Nockatunga"|294.042|3779|0.5|0.78|0.24|"K7V"
137|"Angra"|532.012|2772|NA|0.65|0.03|"M4V"
2067|"Primus"|322.524|3926|0.5|0.81|0.53|"K6V"
1593|"Manotick"|395.844|2556|0.2|0.13|0.07|"M7V"
1380|"Knutstad"|594.702|5382|0.9|0.97|0.79|"G2V"
755|"Durabon"|522.547|3103|0.2|0.37|0.04|"M4V"
3060|"St. Andreas"|687.948|4565|0.6|0.94|0.57|"K2V"
1717|"Miquelon"|414.989|2427|0.2|0.51|0.08|"M8V"
3150|"Balawat"|509.143|2617|0.1|0.53|0.01|"M2V"
2517|"Terra Firma"|40.454|2630|0.4|0.61|0.06|"M1V"
1786|"Nagel"|471.013|2663|0.2|0.47|0.02|"M5V"
344|"Blommestein"|758.27|3929|0.7|0.79|0.6|"K2V"
1570|"Maladar"|270.582|4553|0.5|0.79|0.15|"K2V"
1610|"Maripa"|781.308|2794|0.4|NA|0.01|"M4V"
2382|"Sparrevohn"|391.961|2939|0.1|0.34|0.02|"M4V"
2170|"Rollis"|411.883|2764|0.1|0.16|0.07|"M5V"
865|"Fetsund"|507.533|2656|0.4|0.61|0.07|"M0V"
1847|"New Sagan"|194.789|2546|0.4|0.11|0.06|"M3V"
1402|"Kossandra's Memory"|528.467|2802|0.2|0.46|0.02|"M1V"
1476|"Leiston"|292.421|2855|0.2|0.6|0.07|"M3V"
543|"Chirala"|454.702|2784|0.3|0.41|0.08|"M3V"
429|"Caerlaverock"|490.109|4054|0.7|0.74|0.38|"K5V"
351|"Boara"|573.029|2995|0.1|0.38|0.05|"M2V"
2899|"Erod's Escape"|696.99|2920|0.3|0.08|0.01|"M5V"
2010|"Perdido"|460.796|3102|0.1|0.12|0.03|"M2V"
3095|"Anglia"|1015.357|2860|0.3|0.41|NA|"M2V"
1700|"Midthun"|391.18|5445|0.9|1.13|0.87|"G5V"
1196|"Ingenstrem"|389.119|3542|0.3|0.16|0.06|"M1V"
546|"Chita"|568.687|3237|0.2|0.16|0.03|"M2V"
2489|"Tapihue"|347.815|3049|0.1|0.19|0.07|"M1V"
1645|"McKenna"|147.988|2447|0.1|0.08|0.05|"M2V"
1812|"New Abilene"|456.224|4171|0.5|0.92|0.28|"K3V"
2812|"Zalzangor"|421.9|5356|1|1.06|0.92|"G4V"
2249|"Saunemin"|252.457|4164|0.5|0.75|0.55|"K6V"
928|"Gambarare"|447.755|3525|0.4|0.14|0.01|"M1V"
382|"Branzoll"|271.234|5390|NA|1.07|1.09|"G2V"
2049|"Pomme De Terre"|367.223|3950|0.5|0.82|0.42|"K3V"
2662|"Vargtass"|523.983|2764|0.1|0.15|0.08|"M2V"
1025|"Gypsum"|282.695|3024|0.2|0.44|0.03|"M2V"
1392|"Komephoros"|98.1|4149|0.6|0.82|0.12|"K2V"
2082|"Puttalam"|759.525|3006|0.1|0.18|0.02|"M3V"
913|"Gabenstad"|530.542|2693|0.1|0.11|0.04|"M6V"
2038|"Pleiades Cluster"|385.94|2555|0.1|0.48|0.01|"M4V"
1269|"June"|484.247|3303|0.3|0.2|0.08|"M2V"
2479|"Tangipahoa"|589.739|2579|0.4|0.54|0.03|"M7V"
788|"Eleusis"|380.379|3049|0.3|0.14|0.07|"M3V"
2926|"Tyrrhenia"|649.819|2690|0.4|NA|0.06|"M3V"
1006|"Grobin"|119.956|2828|NA|0.11|0.02|"M3V"
2083|"Qalzi"|465.835|4406|0.5|0.93|0.57|"K2V"
2752|"Wetumpka"|552.376|2612|0.3|0.09|0.04|"M1V"
1774|"Muridox"|396.698|5293|1|1.04|0.64|"G5V"
375|"Bougie"|549.755|2468|0.3|0.34|0.07|"M5V"
2253|"Sawyer"|465.727|4050|0.8|0.72|0.26|"K6V"
1635|"Mayenne"|598.071|2986|0.3|0.68|0.05|"M2V"
366|"Bora"|162.434|2633|0.3|0.14|0.04|"M6V"
491|"Cassias"|327.554|4168|0.7|0.86|0.55|"K3V"
1233|"Jansen's Hold"|420.649|2428|0.3|0.46|0.02|"M2V"
1713|"Mindrel"|585.474|2487|0.4|0.2|0.05|"M2V"
1268|"Junction"|156.246|3906|0.7|0.93|0.15|"K7V"
2588|"Trondheim"|411.701|2624|0.1|NA|0.06|"M5V"
1077|"Hednesford"|431.594|4018|0.8|0.78|0.27|"K5V"
525|"Chateau"|402.634|2939|0.3|0.34|NA|"M3V"
914|"Gacrux"|87.165|3784|0.5|0.9|0.34|"K3V"
1568|"Maisons"|346.154|3905|NA|0.96|0.51|"K3V"
2064|"Pressville"|645.184|2484|0.3|0.51|0.07|"M8V"
3083|"Rest Stop"|865.853|2582|0.3|0.49|NA|"M7V"
3123|"Star Cluster 1108"|1962.697|2417|0.1|0.11|0.03|"M0V"
1569|"Malacca"|516.353|2442|0.4|0.51|0.02|"M7V"
1932|"Olancha"|167.368|2424|0.3|0.54|0.03|"M5V"
2902|"Fronc"|517.355|2689|0.3|NA|0.07|"M3V"
2543|"Tiflis"|404.578|4293|0.5|0.93|0.15|"K2V"
468|"Capra"|356.451|2508|0.3|0.1|0.04|"M3V"
849|"Fanardir"|415.782|4335|0.6|0.86|0.16|"K2V"
3051|"Gurgaldar"|1413.278|4252|0.5|0.8|NA|"K5V"
20|"Acoma"|232.892|2414|0.1|0.2|0.05|"M3V"
359|"Bolan"|278.021|3191|NA|0.48|0.03|"M3V"
1427|"Kutludugun"|382.318|4048|0.5|0.93|0.29|"K5V"
257|"Baranda"|518.574|2417|0.2|0.16|0.01|"M7V"
1460|"Las Tunas"|743.898|5512|0.9|1.06|NA|"G2V"
2346|"Sirius"|8.267|3191|NA|0.38|0.03|"M3V"
1174|"Igualada"|311.943|2854|0.3|0.63|0.06|"M0V"
1417|"Krung Thep"|438.224|2808|0.3|0.29|0.06|"M5V"
2095|"Quilino"|358.63|3203|0.3|0.15|0.03|"M3V"
2855|"Fasa"|1632.008|2829|0.4|0.46|0.03|"M4V"
274|"Batavia"|208.581|2496|0.2|0.57|0.06|"M7V"
2760|"Windhoek"|563.6|4384|0.7|0.71|0.27|"K2V"
1725|"Mitchella"|501.448|4240|0.5|0.86|0.27|"K2V"
1686|"Merope"|387.431|2719|0.2|0.43|0.05|"M3V"
658|"Daniels"|232.667|5535|0.8|1.1|1.36|"G5V"
2311|"Shimonoseki"|326.851|2745|0.2|0.2|NA|"M3V"
1820|"New Canton"|73.413|2737|0.3|0.41|0.02|"M0V"
1158|"Huron"|323.203|2417|0.4|0.58|0.06|"M5V"
2889|"Celano"|582.257|5399|1|1.02|1.07|"G2V"
1366|"Kiserian"|399.641|3231|0.4|0.68|0.02|"M0V"
2549|"Timkovichi"|315.97|2797|0.2|0.69|0.02|"M1V"
2248|"Saumur"|384.058|2827|0.4|0.24|0.06|"M5V"
3144|"Amnesty"|431.486|3294|0.3|0.16|0.06|"M2V"
1509|"Logres"|363.213|3777|0.8|0.7|0.56|"K2V"
1524|"Loxley"|384.378|5349|1|1.12|0.92|"G2V"
769|"Edasich"|154.458|2535|0.3|0.09|0.01|"M8V"
1334|"Kesai"|384.95|3141|NA|0.46|0.06|"M2V"
2280|"Senorbi"|376.698|3248|0.3|0.61|0.05|"M1V"
867|"Fieferana"|319.68|2883|0.1|0.31|0.08|"M0V"
1526|"Loysville"|433.08|4059|0.7|0.77|0.39|"K5V"
1443|"Laconis"|421.364|2764|0.2|0.34|0.04|"M3V"
336|"Bjornlunda"|174.059|4248|0.6|0.73|0.12|"K2V"
1823|"New Crete"|204.428|2910|0.4|0.15|0.07|"M0V"
2952|"Lum"|1757.919|4516|0.5|0.73|0.26|"K3V"
314|"Betelgeuse"|306.955|2435|0.2|0.35|0.05|"M2V"
2342|"Simpson Desert"|289.177|3009|0.4|0.31|0.05|"M3V"
1050|"Hanover"|400.763|2650|0.4|0.47|0.06|"M2V"
675|"Defiance"|438.118|2827|0.3|0.69|0.04|"M2V"
3008|"Visby"|1098.304|4712|0.6|0.74|0.08|"K2V"
2938|"Brim"|1768.735|2530|0.4|0.1|0.04|"M1V"
1663|"Meinrad"|401.763|4742|0.8|0.95|0.11|"K0V"
1172|"Idlewind"|446.486|2817|0.3|0.45|0.01|"M4V"
1284|"Kalmar"|309.746|5033|0.7|0.9|0.5|"K0V"
1653|"Medzev"|259.667|2565|0.2|0.24|0.07|"M6V"
2019|"Phact"|140.318|2853|0.4|0.25|0.05|"M2V"
2440|"Surcin"|217.445|5429|0.9|0.99|1.48|"G5V"
2742|"Weiz"|305.921|4368|0.6|0.7|0.34|"K3V"
640|"Cylene"|108.894|2558|0.3|0.34|0.03|"M7V"
1771|"Mundrabilla"|270.55|3978|0.6|0.75|NA|"K3V"
1213|"Isesaki"|338.17|2510|0.4|0.19|0.05|"M5V"
866|"Fianna"|142.939|5684|0.8|0.99|1.08|"G2V"
1438|"Labouchere"|264.076|2815|0.2|0.64|0.04|"M6V"
1420|"Kujari"|266.335|2424|0.4|0.26|0.06|"M8V"
1082|"Helduza"|588.518|2771|0.4|0.18|0.02|"M2V"
2713|"Waldheim"|369.385|2643|0.4|0.26|0.02|"M4V"
758|"Duxford"|569.698|2803|0.4|0.33|0.03|"M1V"
972|"Goat Path"|385.787|5489|0.9|1.1|1.41|"G5V"
725|"Dnepropetrovsk"|343.619|3991|0.5|0.88|0.1|"K5V"
2018|"Petrolia"|316.046|5432|0.9|1.07|1.46|"G5V"
1793|"Nakaojo"|340.653|4161|0.6|0.71|0.42|"K2V"
354|"Bodnath"|303.338|2753|0.4|0.21|0.05|"M5V"
2265|"Schwartz"|461.704|3262|0.2|0.6|0.07|"M2V"
2719|"Wappingers"|290.103|2572|0.1|0.61|NA|"M4V"
2727|"Waunakee"|317.772|2631|0.4|0.6|0.06|"M0V"
2401|"Star's End"|440.098|2792|0.1|0.07|0.06|"M4V"
2935|"Atreus"|1735.733|2708|0.4|0.18|0.02|"M2V"
472|"Carcassonne"|380.813|2817|0.2|0.17|0.05|"M5V"
2393|"St. Loris"|258.164|3442|0.3|0.21|0.01|"M0V"
2595|"Tsingtao"|181.059|2576|0.2|0.2|0.08|"M7V"
1655|"Megaris"|441.599|3139|0.3|0.12|0.08|"M3V"
2811|"Zalt"|706.871|2601|0.2|0.46|NA|"M3V"
2020|"Phalan"|135.839|3117|0.3|0.34|0.01|"M4V"
2330|"Sierpc"|291.602|4807|0.5|0.82|0.21|"K2V"
225|"Axton"|170.277|3203|0.1|0.2|0.02|"M2V"
2145|"Restitution"|401.265|4009|0.6|0.75|0.13|"K2V"
1549|"Ma'anshan"|475.076|2522|0.4|0.64|0.05|"M5V"
2289|"Shahr Kord"|431.611|2723|0.3|0.19|0.02|"M4V"
348|"Blueys"|670.64|2412|0.2|0.14|0.06|"M8V"
433|"Cajamarca"|292.741|3028|0.2|0.55|0.02|"M1V"
360|"Bonaire"|106.001|3975|0.6|0.75|NA|"K3V"
793|"Ellijay"|334.123|2937|0.2|0.54|0.04|"M2V"
1944|"Orbisonia"|215.934|2967|0.1|0.69|0.04|"M3V"
2821|"Zathras"|399.333|2671|NA|0.54|0.06|"M3V"
1147|"Huan"|320.176|2612|0.1|0.37|0.01|"M3V"
2369|"Soilihull"|193.816|2906|0.4|0.09|0.07|"M3V"
3124|"Star Cluster 752"|1375.885|3398|0.4|0.32|0.05|"M0V"
1531|"Luderitz"|626.416|2540|0.4|NA|NA|"M6V"
1421|"Kumqwat"|307.86|4557|0.5|0.73|0.17|"K2V"
1602|"Marathon"|317.006|2986|0.1|0.41|0.07|"M2V"
277|"Baxter"|116.922|3889|0.7|0.85|0.57|"K5V"
809|"Entalun"|335.777|2983|0.4|0.13|0.01|"M2V"
2966|"Tokasha"|1731.797|4156|0.5|0.86|0.42|"K5V"
2688|"Villanueva"|359.382|3213|0.4|0.62|0.04|"M3V"
2391|"St. Ives"|240.779|4150|0.6|0.87|0.43|"K2V"
2333|"Sigma Mare"|315.003|5465|NA|1.02|0.87|"G2V"
3156|"Highwater"|498.678|2835|0.1|0.39|0.05|"M0V"
3166|"Wheeler"|534.459|2477|0.2|0.07|0.06|"M3V"
2328|"Sichuan"|114.02|2629|0.1|0.34|0.06|"M5V"
2518|"Tetersen"|249.455|2473|0.4|0.32|0.05|"M8V"
3164|"Tarragona"|525.572|2576|0.3|0.17|0.05|"M5V"
1893|"Northfield"|289.448|4696|0.7|0.73|0.08|"K0V"
504|"Centavido"|449.868|5243|1|1.06|0.86|"G2V"
3065|"Illizi"|1037.204|2706|0.2|0.49|0.06|"M3V"
1004|"Greypearl"|527.032|4665|0.5|0.87|0.52|"K3V"
1286|"Kamenz"|311.182|2582|0.2|0.09|0.03|"M0V"
643|"Cyrton"|500.424|3903|0.5|0.95|0.28|"K3V"
394|"Brinton"|432.987|5676|0.9|0.97|1.37|"G2V"
2096|"Quimberton"|368.905|3896|NA|0.91|0.6|"K6V"
1310|"Kaus Media"|80.461|2434|0.1|0.3|0.02|"M2V"
46|"Aix-la-Chapelle"|179.764|2677|0.3|0.24|0.06|"M4V"
1750|"Montour"|479.145|5605|0.9|0.98|0.99|"G2V"
1954|"Osset"|512.002|2612|0.2|0.45|0.05|"M2V"
1980|"Panzyr"|438.292|2868|NA|0.34|0.05|"M5V"
1126|"Holmsbu"|445.66|3786|0.6|0.77|0.36|"K7V"
3012|"Helios"|552.129|2405|0.3|0.34|0.08|"M8V"
2323|"Shubuta"|476.097|3277|0.3|NA|0.05|"M1V"
1086|"Helixmar"|268.454|2686|0.1|0.24|0.03|"M2V"
1613|"Markab"|100.317|3762|0.6|0.94|0.13|"K2V"
170|"Arganda"|158.986|2537|0.2|0.68|0.08|"M2V"
3091|"Star Cluster 65"|998.686|2534|0.4|0.38|0.03|"M2V"
1575|"Maldonado"|384.806|3243|0.1|0.21|0.01|"M3V"
1790|"Nai-Stohl"|72.411|3380|0.3|0.23|0.04|"M1V"
260|"Barlow's End"|310.951|3282|0.3|0.58|0.06|"M2V"
1953|"Osmus Saar"|229.279|2596|0.1|0.36|0.07|"M5V"
1992|"Pasemah"|544.038|2938|NA|0.25|0.05|"M1V"
311|"Beta"|414.343|4298|0.7|0.82|0.21|"K2V"
1329|"Kentares"|149.985|3114|0.1|NA|0.03|"M4V"
3092|"Star Cluster Briceno 1"|1430.335|2948|0.3|0.39|NA|"M2V"
1553|"Mackenzie"|345.175|4046|0.5|0.92|0.2|"K2V"
599|"Corfu"|328.473|4185|0.6|0.92|0.12|"K6V"
3110|"Farhome"|802.398|3490|0.2|0.66|0.06|"M0V"
2487|"Tanz"|690.763|2439|0.2|0.15|0.02|"M2V"
2842|"Zlatousi"|480.441|2771|0.3|0.39|0.05|"M3V"
207|"Aubisson"|146.58|5282|0.8|1|1.31|"G3V"
44|"Aiguebelle"|398.048|5210|1|1.12|0.99|"G5V"
1784|"Naco"|571.712|2876|0.1|0.28|0.04|"M3V"
1993|"Pasig"|371.41|4245|0.7|0.78|NA|"K5V"
2556|"Tiskilwa"|232.043|3959|0.5|0.85|0.5|"K2V"
1188|"Imbros"|34.14|2523|0.1|0.21|0.04|"M4V"
597|"Corella"|288.729|2747|0.2|0.25|0.06|"M3V"
505|"Ceram"|546.033|2767|0.4|0.45|0.07|"M5V"
1745|"Monongahela"|233.826|2664|0.2|0.13|0.07|"M5V"
2696|"Viroflay"|596.98|4171|0.5|0.7|0.34|"K5V"
537|"Chiavenna"|390.641|3006|0.3|0.45|0.04|"M3V"
1311|"Kautokeino"|394.552|2493|0.4|0.43|NA|"M8V"
2936|"Barcella"|1896.522|4077|0.5|0.9|0.51|"K6V"
2301|"Shensi"|107.011|4019|0.8|0.82|0.1|"K2V"
2093|"Quentin"|47.634|5299|1|1.1|1.42|"G2V"
955|"Gillingham"|543.516|3863|0.5|0.91|0.48|"K7V"
2455|"Symington"|152.749|2941|0.3|0.44|NA|"M1V"
117|"Amiga"|185.564|2496|NA|0.17|0.04|"M7V"
1413|"Krievci"|320.018|3057|NA|0.18|0.01|"M1V"
248|"Baltar"|608.476|5665|1|1.09|0.7|"G2V"
2230|"Santiago"|436.907|4398|0.6|0.9|0.12|"K3V"
1266|"Juazeiro"|342.663|2480|0.4|0.17|0.05|"M5V"
516|"Chamdo"|152.636|4123|0.6|0.84|0.29|"K6V"
97|"Altair"|16.348|2583|0.2|0.24|0.07|"M7V"
550|"Chorley"|504.98|4034|0.5|0.73|0.24|"K2V"
1360|"Kirei Na Niwa"|332.215|2725|0.3|0.51|0.08|"M3V"
1581|"Mandal"|56.662|4413|0.5|0.92|0.23|"K0V"
1293|"Kanto"|435.849|2855|0.2|0.46|0.05|"M2V"
3029|"Santiago"|1000.343|3017|0.4|0.23|0.03|"M2V"
1161|"Hyalite"|444.651|2834|0.4|0.19|0.03|"M4V"
427|"Cadela"|578.645|2714|0.4|0.61|0.01|"M1V"
2571|"Totness"|686.633|2633|0.1|0.5|0.07|"M3V"
1296|"Karbala"|198.101|2697|0.3|0.38|0.05|"M4V"
1404|"Kotzebue"|377.656|3090|0.3|0.25|0.07|"M1V"
184|"Artru"|498.275|2853|0.2|0.49|0.04|"M5V"
2368|"Sodus"|294.484|5264|1|1.09|1.26|"G2V"
2099|"Quincy"|349.064|3173|0.3|0.12|0.08|"M1V"
2287|"Sevon"|484.114|2607|0.4|0.3|0.03|"M7V"
2672|"Verde"|350.217|2577|0.1|0.58|0.05|"M4V"
731|"Donegal"|242.166|3332|0.2|0.11|0.07|"M0V"
72|"Alhena"|83.739|5731|0.9|1|1.06|"G2V"
2552|"Tirabad"|516.701|4009|0.5|0.92|0.27|"K5V"
2130|"Reinbak"|534.192|2547|0.4|0.63|0.01|"M2V"
2707|"Vulture's Nest"|481.93|2553|0.2|NA|0.08|"M4V"
1095|"Herbania"|480.47|3094|NA|0.37|0.08|"M2V"
2304|"Sheridan"|187.744|2872|0.4|0.35|0.07|"M2V"
195|"Aspropirgos"|398.767|4025|0.7|0.77|NA|"K7V"
2534|"Thirty Weight"|289.985|4110|0.5|0.83|0.4|"K2V"
1905|"Nox"|240.194|2402|0.4|0.65|0.04|"M4V"
1515|"Loparri"|542.601|2984|0.4|0.43|0.02|"M2V"
233|"Bacum"|329.193|2557|0.3|0.28|NA|"M7V"
2336|"Sileste"|620.832|3509|0.4|0.41|0.07|"M1V"
1024|"Gwynedd"|536.196|3961|0.5|0.79|0.11|"K5V"
1298|"Karlstejn"|295.459|3296|0.4|0.09|0.03|"M2V"
1586|"Manennaia"|93.698|5315|0.9|1|1.14|"G5V"
2559|"Togwotee"|202.445|3198|0.2|0.15|0.01|"M1V"
3131|"Carcri"|710.395|4658|0.6|0.88|0.43|"K2V"
2710|"Waini Point"|750.862|2776|0.2|0.29|0.06|"M3V"
2838|"Ziliang"|272.922|2786|0.3|0.51|0.03|"M5V"
2362|"Smolensk"|220.579|3348|0.2|0.5|0.03|"M2V"
826|"Esztergom"|256.264|5243|0.9|1.05|1.26|"G5V"
493|"Castrovia"|252.965|2466|0.3|0.08|0.04|"M2V"
2173|"Rondon"|727.218|2772|NA|0.45|0.06|"M4V"
1559|"Madiun"|402.121|3465|0.2|0.56|0.05|"M0V"
1357|"Kinkaid"|457.257|2812|0.2|0.28|0.05|"M4V"
1432|"Kwangjong-ni"|487.865|4890|0.5|0.8|0.08|"K0V"
324|"Biegga"|426.852|2776|0.3|0.47|0.05|"M3V"
1034|"Hainfeld"|268.861|2464|0.3|0.66|0.03|"M3V"
929|"Gambier"|386.476|2876|0.3|0.41|0.05|"M1V"
1474|"Leh"|579.939|4250|0.5|0.85|0.08|"K5V"
997|"Gravensteen"|257.231|4475|0.5|NA|0.12|"K4V"
1688|"Mersa Matruh"|213.619|3788|0.5|0.77|0.13|"K7V"
2375|"Songgang"|444.104|5520|0.8|0.98|0.94|"G4V"
698|"Detroit"|452.956|2669|0.1|NA|0.07|"M3V"
1719|"Mirach"|112.104|5550|1|1.12|0.84|"G2V"
2671|"Ventabren"|123.392|2922|0.2|0.2|0.08|"M2V"
986|"Goubellat"|388.164|2460|0.4|0.6|0.02|"M2V"
73|"Alioth"|60.559|2458|0.3|0.47|0.07|"M8V"
3090|"Star Cluster 643"|1944.995|2685|0.1|0.34|0.05|"M2V"
2724|"Wasat"|58.11|5581|0.8|1.08|0.96|"G2V"
1851|"New Sarum"|482.102|2795|0.3|0.66|0.01|"M2V"
1806|"Negushevo"|396.623|4106|0.5|0.71|0.2|"K6V"
839|"Fagerholm"|372.14|4160|0.5|0.9|0.29|"K2V"
2148|"Rexburg"|211.395|2546|0.1|0.28|0.07|"M5V"
283|"Beckars"|526.153|2902|0.4|0.12|0.03|"M4V"
1969|"Paf"|475.183|2794|0.4|0.08|0.08|"M4V"
2659|"Vanra"|170.201|5327|1|1.07|1.38|"G2V"
1110|"Hildaman"|192.933|2672|0.1|0.44|0.03|"M4V"
1818|"New Britain"|47.967|2586|0.1|0.45|0.07|"M3V"
3057|"Malador Cluster"|1113.246|3227|0.4|0.43|0.03|"M2V"
1177|"Iknogoro"|253.443|2700|0.4|0.33|0.01|"M1V"
262|"Barstow"|175.434|3386|0.4|0.5|0.04|"M2V"
2338|"Silver"|363.561|4201|0.5|0.91|0.1|"K5V"
232|"Babuyan"|239.961|4526|0.7|0.86|0.19|"K1V"
2758|"Willunga"|480.221|2780|0.3|0.66|0.04|"M2V"
377|"Bountiful Harvest"|294.93|3904|0.8|0.88|0.17|"K7V"
276|"Baxley"|457.489|4820|0.7|0.72|0.11|"K2V"
1773|"Murchison"|77.291|5255|0.8|1.06|0.65|"G5V"
605|"Corsica Nueva"|298.809|4200|0.6|0.78|0.18|"K5V"
830|"Eustatius"|499.237|3605|0.2|0.17|0.02|"M0V"
45|"Aitutaki"|234.196|2690|0.3|0.14|0.07|"M0V"
2677|"Vermezzo"|396.42|4418|0.5|0.92|0.34|"K2V"
2955|"Niles"|1710.975|5296|1|1.14|1.18|"G5V"
2800|"Ylemelke"|508.828|2507|0.1|0.35|0.05|"M3V"
2564|"Tongatapu"|222.053|4509|0.5|0.88|0.51|"K2V"
1878|"Nis"|312.667|4677|0.5|0.91|0.2|"K3V"
3027|"Ramsey"|1102.144|2577|0.4|0.46|0.01|"M5V"
857|"Feijo"|734.962|2820|0.4|NA|0.02|"M2V"
114|"Amber Grove"|453.643|2890|0.3|0.69|0.04|"M2V"
2619|"Ulan Bator"|143.956|3130|0.1|0.69|0.03|"M3V"
1732|"Mizunami"|416.294|2824|0.1|0.19|0.05|"M4V"
1548|"Lywick"|552.55|3681|0.3|0.08|0.02|"M0V"
1783|"Mytilene"|203.092|3085|0.4|0.41|0.03|"M2V"
3025|"Kinbrace"|950.161|2599|0.3|0.67|0.08|"M5V"
2424|"Sturgis"|422.565|2523|0.1|0.57|0.04|"M8V"
378|"Bowang"|353.084|3191|0.2|NA|0.04|"M0V"
2194|"Ryerson"|330.319|3721|0.5|0.91|0.39|"K7V"
2723|"Warrumbungle"|275.376|2538|0.2|0.18|0.03|"M8V"
1728|"Miyako"|341.695|2957|0.4|0.66|0.07|"M5V"
2367|"Sodertalje"|547.133|3785|0.5|0.83|0.27|"K6V"
2105|"Radostov"|311.275|2748|0.3|0.45|0.06|"M5V"
1849|"New Sapporo"|533.851|2629|0.1|0.19|0.03|"M2V"
53|"Albalii"|105.922|2445|0.2|0.6|0.05|"M1V"
1463|"Latexo"|401.037|2807|0.1|0.18|0.07|"M5V"
1201|"Inman"|556.066|5337|0.9|1.15|1.3|"G2V"
31|"Adherlwin"|439.696|3347|0.2|NA|0.05|"M2V"
383|"Brasha"|478.082|3311|0.1|0.58|0.02|"M0V"
60|"Aldertaine"|196.206|5345|0.8|0.98|0.96|"G2V"
1376|"Kleinwelt"|539.674|3223|0.1|0.5|0.08|"M2V"
2087|"Qualip"|202.732|2579|0.4|0.11|0.04|"M5V"
669|"Dayr Khuna"|227.065|2823|0.2|0.63|0.03|"M1V"
241|"Baldur"|204.368|2568|0.4|0.32|0.07|"M6V"
2031|"Pinard"|426.467|2740|0.2|0.35|0.02|"M5V"
32|"Adler"|261.699|3742|0.6|0.74|0.33|"K1V"
1826|"New Delos"|145.736|2708|0.4|0.11|0.05|"M6V"
2720|"Ward"|414.519|2456|0.4|0.21|0.02|"M5V"
1699|"Midkiff"|227.922|3695|0.3|0.26|0.08|"M0V"
570|"Cohagen"|488.414|2748|0.3|0.57|0.02|"M5V"
123|"Anaea"|182.557|2563|0.2|0.15|0.07|"M1V"
2|"Aalzorg"|637.911|5461|0.9|1.06|0.66|"G2V"
1426|"Kurvasa"|353.826|2748|0.1|0.07|0.02|"M4V"
2196|"Rzhishchev"|368.823|5559|0.8|0.97|0.62|"G4V"
1473|"Leganes"|178.124|3791|0.6|NA|NA|"K6V"
1071|"Hazelhurst"|553.938|2507|0.3|0.66|0.08|"M0V"
2089|"Quarell"|234.588|2718|0.4|0.42|0.01|"M3V"
1238|"Jasmine"|204.513|2965|0.4|0.12|0.06|"M3V"
1493|"Lindsay"|406.414|4196|0.6|0.91|0.28|"K1V"
1554|"Mackolla"|647.016|3241|0.1|0.59|0.05|"M1V"
678|"Delacambre"|539.73|2970|0.4|0.22|0.02|"M1V"
2730|"Waypoint"|522.306|5378|0.8|1.12|1.19|"G2V"
2379|"Sorunda"|139.055|2527|0.1|0.25|0.04|"M5V"
217|"Avawatz"|167.53|2413|0.4|0.53|0.06|"M3V"
1485|"Leyda"|354.159|3377|0.2|0.23|0.05|"M0V"
2958|"Roche"|1871.166|2626|0.2|0.53|0.02|"M7V"
3121|"Rim Worlds Republic Outpost #11"|1635.14|2571|0.4|0.08|0.01|"M5V"
1175|"Iijima"|288.222|2723|0.1|0.15|0.03|"M4V"
2697|"Virtue"|408.863|2508|0.3|0.18|0.02|"M5V"
1798|"Narellan"|305.878|3832|0.7|0.92|0.26|"K5V"
28|"Adelson"|532.641|2513|NA|0.37|0.04|"M2V"
3010|"Chaine Cluster"|615.431|2515|0.2|0.15|0.02|"M5V"
2171|"Romita"|434.714|2622|0.2|NA|0.07|"M5V"
2046|"Pokhara"|64.585|3992|0.6|0.87|0.34|"K7V"
2698|"Vixen"|487.646|3870|0.6|0.79|0.09|"K5V"
1372|"Kladnitsa"|433.642|4234|0.5|0.72|0.35|"K0V"
2957|"Priori"|1807.905|3798|0.6|0.95|0.18|"K7V"
1762|"Morrill"|397.281|5599|0.9|1.01|0.79|"G2V"
2793|"Yangtze"|87.323|4237|0.6|0.8|0.12|"K1V"
2807|"Yunnah"|129.872|3004|0.2|0.62|0.02|"M3V"
2772|"Woodbine"|504.241|5317|0.8|1.04|0.66|"G2V"
1200|"Ingvolstand"|590.429|3057|0.4|0.33|0.02|"M4V"
2644|"Valabhi"|478.969|3979|0.5|0.93|0.44|"K5V"
614|"Covington"|390.202|2491|0.4|0.59|0.07|"M3V"
2325|"Shui-pào"|134.49|2710|0.1|0.45|NA|"M5V"
121|"Amu Darya"|339.88|3802|0.7|0.78|0.53|"K6V"
2100|"Quines"|763.865|2596|0.3|0.68|0.01|"M3V"
1870|"Niihau"|250.668|2662|0.2|0.58|0.04|"M7V"
2919|"Regis Roost"|468.121|2905|0.3|0.5|NA|"M5V"
1791|"Najha"|214.127|2487|0.2|0.42|0.03|"M3V"
1107|"Hibuarius"|412.56|2707|0.1|0.36|0.02|"M2V"
1978|"Panjang"|348.831|4066|0.7|0.81|0.46|"K5V"
2057|"Poulsbo"|380.711|5376|0.9|1.03|1.38|"G4V"
234|"Bad News"|465.136|5140|0.6|0.89|0.14|"K0V"
2442|"Susulatna"|357.089|4719|0.6|0.72|0.48|"K1V"
1714|"Minette"|484.203|2540|0.4|0.25|0.08|"M2V"
2764|"Wingzar"|483.736|5078|0.6|0.91|0.35|"K0V"
1464|"Latice"|293.917|4456|0.6|0.81|0.19|"K2V"
2258|"Schererville"|350.463|2998|0.2|0.52|0.01|"M3V"
1136|"Hornir's Keep"|260.551|2416|0.4|0.3|0.05|"M5V"
2261|"Schirmeck"|399.065|4685|0.6|0.75|0.47|"K3V"
1361|"Kirkcaldy"|159.557|3766|0.7|0.9|0.17|"K3V"
2748|"Westerstede"|268.316|5271|1|1.13|NA|"G2V"
2740|"Weistheimer"|574.024|2942|0.4|0.2|0.07|"M4V"
2201|"Sackville"|411.845|3790|0.5|0.73|0.57|"K2V"
894|"Forkas"|264.966|5369|0.9|1.09|0.72|"G4V"
571|"Cohay"|610.144|2623|0.3|0.44|0.04|"M5V"
638|"Cusset"|288.041|2511|0.3|0.67|0.07|"M7V"
1591|"Manksville"|389.073|2413|0.4|0.35|0.07|"M2V"
1660|"Meilen"|227.712|2851|0.3|0.3|0.02|"M2V"
2616|"Uhuru"|139.622|2505|0.2|0.33|0.05|"M1V"
466|"Caph"|12.929|4425|0.7|0.91|0.6|"K3V"
1742|"Mondra"|513.011|4019|0.7|0.95|0.49|"K6V"
946|"Gettorf"|577.169|3170|0.3|0.33|0.01|"M2V"
1148|"Huanghuadian"|434.243|3126|0.4|0.69|0.02|"M0V"
2751|"Westphalia"|162.613|3847|0.7|0.84|0.42|"K7V"
1488|"Liezen"|380.778|3736|0.5|0.93|0.41|"K2V"
2548|"Timehri"|395.6|2594|0.1|0.2|0.02|"M2V"
1617|"Marodzi"|400.898|2832|0.1|0.42|0.08|"M3V"
1|"A Place"|298.999|2861|0.4|0.58|0.03|"M3V"
2245|"Sartu"|453.73|5537|0.9|0.97|0.9|"G2V"
1190|"Ina"|438.829|5376|0.8|1.15|0.89|"G5V"
488|"Cascade"|228.139|4245|0.6|0.74|0.2|"K5V"
2460|"Szepes"|240.706|2588|0.2|0.22|0.03|"M6V"
49|"Al Jafr"|413.007|2862|NA|0.51|0.06|"M4V"
621|"Cresson"|554.06|2593|0.4|0.07|0.06|"M5V"
885|"Florarda"|258.921|5297|0.9|1.05|0.83|"G5V"
2642|"Vaj"|205.369|3869|0.7|0.75|0.46|"K5V"
949|"Giausar"|209.521|2530|0.2|0.19|0.05|"M3V"
1594|"Mansfield"|399.634|2981|0.3|0.58|0.02|"M3V"
1295|"Karakiraz"|364.621|5666|0.9|1.13|0.78|"G2V"
629|"Cryfder"|517.129|3209|0.2|0.1|0.05|"M0V"
263|"Bartrock"|608.951|4248|0.8|0.77|0.42|"K2V"
1001|"Greeley"|451.056|5427|0.9|1.12|0.98|"G5V"
1115|"Hiratsuka"|361.977|5537|1|1.14|0.74|"G3V"
783|"Elba"|516.187|4633|0.7|0.8|0.59|"K0V"
2716|"Wallis"|277.529|2488|0.4|0.3|0.05|"M8V"
352|"Boardwalk"|198.058|4455|0.8|0.84|0.46|"K2V"
1093|"Hephzibah"|487.236|2902|0.3|0.65|NA|"M2V"
1673|"Menion"|436.558|2623|0.2|0.18|0.06|"M5V"
342|"Blandou"|305.857|3968|0.7|0.84|0.45|"K3V"
1966|"Oyevaina"|266.727|2450|0.1|NA|NA|"M7V"
837|"Exeter"|188.604|3009|0.1|0.34|0.05|"M4V"
490|"Casere"|352.437|2888|0.3|0.43|0.08|"M5V"
1603|"Marawi"|272.134|2644|0.2|0.22|0.04|"M6V"
1924|"Offerman"|575.698|5514|1|1.13|0.87|"G2V"
1340|"Khartoum"|427.96|2492|0.2|0.23|0.04|"M3V"
2514|"Tengil"|318.66|3052|0.3|0.55|0.04|"M2V"
1592|"Mannedorf"|232.161|2403|0.3|0.3|0.07|"M3V"
3|"Abadan"|118.958|4249|0.6|0.74|0.3|"K5V"
1435|"La Blon"|79.491|4240|0.5|0.88|0.17|"K2V"
2949|"Ironhold"|1745.613|4009|0.6|0.7|0.19|"K5V"
994|"Grankum"|640.99|2741|0.2|NA|0.04|"M5V"
25|"Addasar"|517.358|3163|0.2|0.37|0.03|"M2V"
1952|"Oshika"|297.334|2500|0.1|0.34|0.07|"M6V"
1547|"Lyreton"|424.809|2747|0.3|0.39|0.03|"M2V"
1466|"Laureles"|224.82|2649|0.4|0.5|0.07|"M7V"
944|"Genf"|191.789|2531|0.4|0.43|0.03|"M2V"
1030|"Haerhbin"|213.743|2996|0.2|0.69|0.02|"M3V"
615|"Coyle"|659.147|4462|0.7|0.85|0.45|"K1V"
2070|"Prinis Prime"|527.614|5352|0.9|1.07|1.12|"G5V"
2897|"Dormandaine"|473.168|2904|0.4|0.41|0.07|"M5V"
2299|"Shawnee"|556.766|3315|0.2|0.68|0.02|"M2V"
1028|"Haddings"|46.185|2635|0.1|0.62|0.06|"M3V"
2458|"Syrma"|69.909|3055|0.3|0.46|0.06|"M2V"
1707|"Milnerton"|247.629|2683|0.2|0.64|0.05|"M3V"
2262|"Schmitt"|527.197|5815|0.8|0.96|0.62|"G2V"
1433|"Kyeinnisan"|181.145|5455|0.8|1.14|0.79|"G5V"
2015|"Perrot"|271.523|3959|0.6|0.8|0.58|"K3V"
1052|"Hansii"|368.483|2832|0.1|0.35|0.05|"M5V"
514|"Chakachamna"|350.362|4239|0.6|0.9|0.44|"K0V"
2972|"Aragon"|1310.844|2609|0.2|0.2|0.07|"M5V"
1330|"Kentwood"|627.665|5291|NA|1.13|1.41|"G4V"
2389|"St. Cyr"|521.765|2411|0.1|0.22|0.08|"M1V"
665|"Darwendale"|407.791|4126|0.8|0.89|0.35|"K5V"
326|"Bilma"|339.826|3871|0.5|0.72|0.46|"K2V"
2370|"Sol"|0|2640|0.4|0.19|0.06|"M5V"
642|"Cyrenaica"|315.516|2550|0.4|0.07|0.07|"M1V"
3133|"Franmalin"|629.866|4366|0.6|0.96|0.27|"K3V"
2222|"Salvende"|698.133|3532|0.4|0.14|0.07|"M1V"
820|"Eschenberg"|235.12|2523|NA|0.3|0.05|"M3V"
970|"Glitnir"|647.221|2435|0.1|0.35|0.07|"M5V"
2750|"Westover"|370.149|3746|0.6|NA|0.35|"K6V"
431|"Cahokia"|297.799|2542|0.1|0.13|0.04|"M4V"
1037|"Halfway"|266.805|3889|0.7|0.82|0.38|"K2V"
3109|"Fager"|1594.56|2573|0.4|0.57|0.07|"M5V"
507|"Cerignola"|435.399|5325|1|1.01|0.91|"G5V"
2533|"Thimphu"|449.619|2437|0.3|0.1|0.02|"M2V"
1735|"Mogabouti"|530.728|3019|0.4|0.13|0.07|"M3V"
3069|"Ksabi"|1045.343|2465|0.3|0.69|0.04|"M6V"
2315|"Shipka"|136.617|3186|0.2|0.48|0.02|"M1V"
1327|"Kennard"|476.896|3861|0.6|0.77|0.09|"K7V"
754|"Dunklewälderdunklerflüssenschattenwelt"|503.652|2618|0.1|0.38|NA|"M2V"
2411|"Sterope"|484.401|3058|0.2|0.3|0.05|"M3V"
1703|"Milligan"|476.671|2618|0.4|0.31|0.03|"M4V"
892|"Foot Fall"|144.984|2563|0.3|0.3|0.08|"M3V"
1920|"Odawara"|355.238|2532|0.4|0.39|0.02|"M5V"
1189|"Immenstadt"|289.855|2694|0.3|0.54|0.01|"M3V"
2331|"Sierra"|426.148|2905|0.4|0.49|0.06|"M4V"
939|"Garstedt"|402.291|2892|0.2|0.69|0.03|"M2V"
2462|"Tabayama"|469.509|2615|0.2|0.31|0.07|"M4V"
1337|"Keuterville"|416.175|3858|0.5|0.84|0.2|"K2V"
2175|"Rosamond"|181.753|3211|0.3|0.46|0.05|"M2V"
2591|"Trznadel Cluster"|485.686|2887|NA|0.54|0.06|"M1V"
2108|"Ragusa"|217.821|2941|0.4|0.28|0.05|"M3V"
1708|"Milos"|232.493|2948|0.1|0.3|0.05|"M2V"
13|"Abushiri"|422.123|3202|0.3|0.07|0.03|"M3V"
136|"Angol"|96.073|2867|0.1|0.38|0.01|"M4V"
975|"Goito"|335.881|3886|0.5|0.89|0.15|"K7V"
1499|"Lipton"|34.466|2748|0.3|0.44|0.04|"M4V"
280|"Bayis"|303.857|3112|NA|0.32|0.01|"M2V"
1782|"Myrvoll"|90.342|5213|0.9|0.97|0.7|"G5V"
992|"Grand Base"|302.397|2860|0.2|0.27|0.06|"M2V"
2769|"Wolcott"|367.956|3019|0.1|0.32|0.01|"M3V"
40|"Aggstein"|299.133|2794|0.2|NA|0.06|"M4V"
1578|"Manapire"|304.311|3531|NA|0.14|0.03|"M1V"
2481|"Tanh Linh"|249.237|4850|0.5|0.95|NA|"K0V"
1390|"Kolobrzeg"|137.987|2990|0.2|0.21|0.07|"M2V"
953|"Gienah"|183.531|4166|0.8|0.86|0.26|"K5V"
58|"Alcyone"|236.381|3726|0.5|0.8|0.32|"K2V"
452|"Cameron"|240.573|4068|0.5|0.88|0.08|"K0V"
2612|"Ubangi"|563.399|5217|1|1.04|1.36|"G2V"
2497|"Tatsuno"|256.6|2595|0.2|0.21|0.06|"M7V"
1471|"Leamington"|365.139|3822|0.6|0.81|0.38|"K0V"
564|"Claybrooke"|372.788|4054|0.7|0.73|0.25|"K6V"
2358|"Slewis"|522.372|2759|0.3|0.13|0.07|"M5V"
3105|"Aurigae"|1503.317|2830|0.3|0.33|0.03|"M1V"
477|"Carmacks"|299.777|3977|0.8|0.74|0.41|"K6V"
1550|"Machapuchre"|528.899|4209|0.7|0.86|0.44|"K2V"
3040|"Trelleborg"|927.031|2663|0.2|0.63|0.06|"M7V"
791|"Elix"|84.453|3188|0.2|0.49|0.06|"M1V"
2041|"Plymouth"|350.856|3367|0.1|0.58|0.08|"M2V"
471|"Carbonis"|181.908|4319|0.6|0.8|0.13|"K5V"
1294|"Karachi"|380.368|2856|0.3|0.48|0.01|"M4V"
1544|"Lynchburg"|364.022|2831|0.1|0.47|0.05|"M6V"
603|"Coromodir"|475.527|2501|NA|0.53|0.05|"M2V"
1789|"Naissus"|383.145|3058|0.3|0.62|0.01|"M1V"
3085|"Rim Worlds Republic Outpost #4"|1773.572|3941|0.6|0.84|0.27|"K3V"
2746|"Wernke"|339.138|4174|0.8|0.78|0.28|"K0V"
2604|"Turko"|248.574|3302|0.3|0.15|0.03|"M2V"
775|"Eidsfoss"|164.441|2603|0.2|0.31|0.02|"M1V"
104|"Alto"|221.46|2754|0.4|0.28|0.01|"M6V"
1205|"Ionus"|238.831|2430|0.1|0.62|0.02|"M8V"
1964|"Ovan"|208.056|5668|NA|1.04|0.74|"G2V"
2267|"Scudder"|218.398|2888|0.4|0.52|0.02|"M3V"
2217|"Salisberg"|553.449|2411|0.3|0.36|0.08|"M6V"
1235|"Jardangal"|618.339|3455|0.2|0.18|0.07|"M0V"
2869|"Lordinax"|500.631|3843|0.6|0.79|0.16|"K1V"
1018|"Gulkana"|395.82|2555|0.2|0.08|0.07|"M7V"
2107|"Raetia"|625.433|2407|0.3|0.14|0.02|"M2V"
1960|"Ourem"|721.242|4457|0.6|0.79|0.08|"K4V"
1256|"Johnson"|588.568|4500|0.5|0.93|0.33|"K2V"
2711|"Waipahu"|466.09|2993|0.2|0.4|0.07|"M2V"
2631|"Untran"|423.854|4851|0.7|0.8|0.37|"K2V"
875|"Firenze"|423.608|2892|0.3|0.37|0.07|"M3V"
1271|"Junior"|399.621|2565|NA|0.31|0.06|"M3V"
1089|"Hell's Paradise"|301.051|4242|0.5|0.83|0.35|"K2V"
323|"Bicester"|272.122|2461|0.1|0.57|0.05|"M8V"
2901|"Ferris"|509.384|2912|0.3|0.55|0.04|"M3V"
957|"Gingeria"|565.302|2611|0.2|0.5|0.05|"M4V"
869|"Filtvelt"|538.182|2694|0.2|0.46|0.05|"M1V"
2858|"Alphard"|504.075|4715|0.5|0.89|0.48|"K2V"
1605|"Marduk"|216.782|2476|0.2|0.5|0.06|"M3V"
1434|"Kyrkbacken"|94.36|3843|0.5|0.9|0.2|"K5V"
3088|"Shady Palms"|818.474|2499|0.4|0.28|0.01|"M3V"
991|"Gran"|342.166|3045|NA|0.67|0.01|"M2V"
3022|"Ghent"|1183.486|5421|1|1|0.86|"G4V"
1244|"Jeju"|491.423|2744|0.2|0.41|0.06|"M6V"
751|"Dumassas"|536.142|2694|0.3|0.32|0.02|"M1V"
2570|"Toten"|575.543|4853|0.6|0.77|0.34|"K0V"
2569|"Tortuga Prime"|704.53|2822|0.3|0.16|0.02|"M4V"
1881|"No Return"|186.091|2753|0.4|0.38|0.02|"M5V"
2863|"Hardisey's Haven"|424.642|2645|0.2|0.46|0.02|"M0V"
9|"Abiy Adi"|470.19|4051|0.8|0.94|0.41|"K6V"
2237|"Saravan"|331.428|3809|0.6|0.87|0.38|"K4V"
1748|"Monthey"|507.606|2786|0.3|0.64|0.05|"M2V"
1552|"Macintosh"|445.81|2595|0.2|0.3|0.03|"M4V"
2309|"Shimoda"|373.881|2968|0.1|0.11|0.07|"M1V"
2886|"Cadiz"|536.139|3986|0.6|0.93|0.29|"K3V"
1362|"Kirkenlaard"|201.043|5370|1|1.1|0.75|"G5V"
1720|"Mirage"|475.355|2770|0.4|0.16|0.07|"M5V"
303|"Bensinger"|462.834|2498|0.2|0.38|0.03|"M6V"
623|"Crichton"|631.382|3319|0.4|0.57|0.01|"M2V"
3119|"Nebula D77"|1947.238|2719|0.3|0.23|NA|"M0V"
309|"Bernardo"|96.943|3802|0.8|0.93|0.39|"K6V"
1990|"Parvan"|486.57|3941|0.7|0.8|0.13|"K5V"
2352|"Skiland"|552.08|2905|0.4|0.12|0.02|"M2V"
2141|"Renown"|400.062|3258|0.1|0.2|0.04|"M3V"
856|"Fefferfer"|203.944|5464|0.9|1.03|1.14|"G2V"
2806|"Yumesta"|282|2607|0.3|0.16|0.07|"M5V"
2893|"Cygnus"|500.186|4757|0.6|0.89|0.24|"K2V"
601|"Cork"|529.768|3763|0.6|0.72|NA|"K5V"
2535|"Thorin"|24.836|3125|0.4|0.29|0.03|"M2V"
2553|"Tiruchchirappalli"|463.505|3830|0.6|0.84|0.45|"K6V"
2848|"Zuhbehr"|353.953|2482|0.3|0.36|0.07|"M5V"
1833|"New Hessen"|101.586|3405|0.4|0.08|0.05|"M2V"
2550|"Tinaca"|282.675|4804|0.6|0.76|0.18|"K2V"
545|"Chisholm"|50.997|3234|0.3|0.48|0.08|"M2V"
2033|"Pinnacle"|436.836|2856|0.3|0.4|0.01|"M4V"
1020|"Gunzburg"|290.51|3802|0.5|0.79|0.08|"K5V"
2373|"Somerset"|454.587|3908|NA|0.77|0.28|"K2V"
2169|"Rohinjan"|358.106|3138|0.2|0.54|0.05|"M0V"
1852|"New Stevens"|23.155|2876|0.2|0.36|0.01|"M3V"
2670|"Vendrell"|340.039|4367|0.6|0.92|0.28|"K0V"
644|"Czarvowo"|323.377|3515|0.2|0.14|0.02|"M1V"
1423|"Kupang"|563.943|2614|0.2|0.16|0.02|"M6V"
2879|"Thadora's Land"|452.092|2652|0.1|0.15|0.03|"M3V"
2983|"Bergen"|1067.64|3473|0.4|NA|0.04|"M0V"
664|"Darius"|214.789|2603|0.4|0.33|0.03|"M1V"
2791|"Yamoussoukra"|508.624|2450|0.3|NA|0.02|"M5V"
1385|"Kogl"|396.438|4572|0.7|0.85|0.25|"K3V"
823|"Espia"|390.061|4014|0.6|0.93|0.42|"K7V"
1066|"Hastur"|410.805|5202|1|0.97|0.81|"G4V"
1928|"Okains"|361.02|2855|0.2|0.29|0.02|"M2V"
811|"Eom"|192.634|2774|0.1|0.34|0.06|"M5V"
2870|"Lummatii"|528.571|2643|0.1|0.57|NA|"M3V"
230|"Azur"|700.449|2772|0.4|0.56|0.02|"M2V"
2970|"Zara"|1800.775|2578|0.2|0.37|0.02|"M7V"
526|"Chatham"|308.745|2493|0.3|0.09|0.08|"M3V"
1853|"New Sumatra"|153.524|2458|0.4|0.36|0.01|"M1V"
2909|"Lastpost"|719.1|2903|0.1|0.49|0.02|"M1V"
2137|"Remulac"|83.067|2542|0.3|0.19|0.06|"M0V"
1344|"Kiamba"|250.143|3086|0.3|0.67|0.04|"M0V"
2233|"Saonara"|357.058|2766|0.1|0.27|0.07|"M5V"
1222|"Itzehoe"|524.376|2647|0.1|0.29|0.04|"M5V"
2113|"Ramen"|155.499|2649|0.4|0.67|0.02|"M2V"
1560|"Madras"|332.806|3468|0.4|0.11|0.06|"M1V"
722|"Dirk's Gulf"|271.335|2991|0.1|0.16|0.04|"M3V"
836|"Exedor"|208.309|2496|NA|0.39|0.04|"M5V"
103|"Althea's Choice"|510.154|2967|0.2|0.42|0.05|"M4V"
2378|"Sorsk"|740.099|4107|0.7|0.9|0.25|"K0V"
144|"Annwyn"|305.615|2433|0.2|0.3|0.03|"M2V"
285|"Beecher"|190.516|2659|0.3|0.2|0.06|"M0V"
2882|"Albiero"|387.205|4395|0.6|0.91|0.17|"K3V"
1062|"Hartshill"|520.448|2772|0.2|0.31|0.07|"M0V"
2739|"Weisau"|400.274|5336|0.8|1.01|1.12|"G5V"
14|"Acala"|182.916|4811|0.8|0.81|0.4|"K2V"
1260|"Jordan Wais"|527.482|2701|0.1|0.09|0.08|"M4V"
2944|"Grant's Station"|1836.562|2922|0.4|0.13|0.01|"M1V"
1197|"Ingersoll"|172.288|2639|0.2|0.09|0.06|"M6V"
657|"Daneshmand"|194.869|2511|0.2|0.57|0.01|"M8V"
305|"Beowulf"|522.195|5490|1|1.03|0.94|"G5V"
3120|"Pharos"|796.049|3894|0.6|0.83|0.23|"K3V"
182|"Arnaudville"|584.809|3808|0.5|0.85|0.32|"K2V"
1861|"Newcastle"|276.04|2681|0.2|0.41|0.06|"M3V"
1469|"Layover"|205.173|2420|0.3|0.16|0.03|"M2V"
1758|"Moriguchi"|466.533|2936|0.3|0.68|0.03|"M1V"
2166|"Rockwellawan"|487.954|4755|0.6|0.84|0.54|"K2V"
2668|"Velhas"|287.136|2402|0.2|0.36|0.05|"M2V"
1651|"Medellin"|404.692|2482|0.1|0.7|0.08|"M5V"
1181|"Illiushin"|450.474|3049|0.2|NA|0.03|"M3V"
2151|"Richmond"|473.853|4159|0.6|0.77|0.59|"K1V"
976|"Golandrinas"|430.955|2494|0.4|0.67|0.08|"M1V"
2142|"Renren"|444.049|4088|NA|0.75|0.54|"K6V"
1156|"Hurgh"|214.246|2723|0.2|0.07|0.02|"M0V"
229|"Azha"|74.442|2749|0.2|0.48|0.03|"M2V"
2322|"Shoreham"|250.439|2958|0.1|0.12|0.02|"M5V"
2281|"Sentarus"|567.858|3010|0.4|0.09|0.02|"M4V"
36|"Afarsin"|428.482|2498|0.2|NA|0.06|"M2V"
2867|"Lindassa"|521.901|3758|0.7|0.72|0.22|"K2V"
2892|"Colchis"|676.871|2580|0.3|0.46|0.07|"M7V"
884|"Flintoft"|384.391|2953|NA|0.32|0.03|"M5V"
815|"Erdvynn"|454.059|4592|0.7|0.7|0.2|"K3V"
880|"Flaum"|453.727|3241|0.3|NA|0.04|"M1V"
2420|"Stratford"|527.715|3972|0.5|0.73|0.35|"K7V"
908|"Fukuroi"|173.854|4382|0.6|0.89|0.46|"K2V"
2012|"Périgueux"|352.384|2736|0.3|0.41|0.01|"M3V"
1694|"Miaplacidus"|84.576|4641|0.6|0.92|0.27|"K2V"
174|"Arkab"|215.16|2467|0.4|0.42|0.06|"M8V"
3023|"Gwithian"|830.561|2508|0.4|0.56|0.03|"M8V"
1342|"Khon Kaen"|387.163|2965|0.2|0.38|0.02|"M4V"
1257|"Johnsondale"|162.424|3726|0.6|0.94|0.56|"K6V"
261|"Barras"|354.801|2773|0.4|0.44|0.05|"M5V"
1324|"Kempten"|311.377|3058|0.4|0.37|0.03|"M0V"
2721|"Warlock"|284.393|3814|0.7|0.77|0.25|"K6V"
1738|"Mokane"|427.644|3767|0.6|0.95|0.49|"K5V"
978|"Gomeisa"|136.272|4220|0.5|0.89|0.48|"K5V"
1977|"Pangkalan"|441.984|3120|NA|0.54|0.03|"M2V"
1410|"Krakatau"|349.279|4253|0.6|0.81|0.33|"K2V"
1078|"Hegel"|271.031|3395|0.2|0.15|0.04|"M2V"
1313|"Kawich"|61.332|2721|0.2|0.39|0.04|"M4V"
1838|"New Kyoto"|126.283|2711|0.2|0.55|0.06|"M2V"
2176|"Roscoff"|548.507|3083|0.2|0.21|0.08|"M1V"
202|"Atreus"|251.654|3152|0.2|0.16|0.03|"M3V"
1816|"New Avalon"|288.627|3130|0.2|0.48|0.07|"M2V"
150|"Anywhere"|466.992|3214|0.1|NA|0.05|"M2V"
1562|"Maharet"|277.245|2866|0.3|0.55|0.02|"M5V"
2923|"Sonnia"|130.475|4608|0.6|0.7|0.23|"K2V"
347|"Blue Sava"|74.657|3246|0.4|0.38|0.08|"M3V"
237|"Baggville"|451.862|4582|0.7|0.74|0.18|"K3V"
176|"Arlington"|234.954|4389|0.6|0.85|0.1|"K4V"
400|"Brockton"|545.165|5599|1|1|0.64|"G4V"
1630|"Maule"|247.314|3009|0.3|0.41|0.04|"M1V"
1022|"Gurrnazovo"|487.04|4188|0.5|0.88|0.57|"K2V"
588|"Conroe"|388.068|3230|0.4|0.53|0.04|"M3V"
2013|"Perkasie"|194.354|5204|0.8|0.99|0.77|"G4V"
391|"Brighton"|215.403|2686|0.4|0.08|0.05|"M2V"
346|"Blue Hole"|395.479|2981|0.1|0.24|0.07|"M3V"
835|"Ewanrigg"|438.255|2470|0.2|0.31|0.02|"M2V"
2154|"Ridgebrook"|377.737|2449|0.3|0.65|0.01|"M3V"
2318|"Shiri"|670.763|2559|0.3|0.31|0.06|"M5V"
2104|"Radlje"|381.223|3023|0.1|0.23|0.03|"M3V"
1885|"Nogales"|347.017|4162|0.8|0.8|0.27|"K5V"
2241|"Sarkel"|132.944|2600|0.1|0.62|0.04|"M5V"
982|"Gorki"|164.209|2636|0.3|0.27|0.07|"M7V"
2513|"Teng"|300.501|3060|0.4|0.57|0.07|"M3V"
208|"Aucara"|344.905|4319|0.6|0.8|0.51|"K5V"
1312|"Kawabe"|276.251|2763|0.2|0.33|0.05|"M4V"
1264|"Jouques"|238.909|2418|0.2|NA|0.06|"M0V"
3077|"Beta Salandor"|1334.29|2647|0.2|0.15|0.08|"M5V"
1641|"McComb"|229.639|4385|0.7|0.83|0.48|"K2V"
1486|"Leyland"|499.622|2586|0.4|0.6|0.06|"M5V"
1975|"Palos"|134.632|3022|0.4|0.54|0.04|"M2V"
1523|"Lovinac"|391.369|4058|0.5|0.87|NA|"K2V"
1898|"Nouveau Toulouse"|290.756|2648|0.3|0.29|0.08|"M7V"
1141|"Howick"|466.878|4107|0.5|0.75|0.1|"K6V"
2678|"Versailles"|222.488|2487|0.4|0.32|0.04|"M0V"
2074|"Promised Land"|312.796|3083|0.1|0.26|0.06|"M4V"
749|"Dukambia"|280.712|2648|0.2|0.29|0.03|"M3V"
1411|"Kreller"|357.934|3259|0.3|0.55|0.06|"M2V"
863|"Ferrara"|321.097|2657|0.2|0.3|0.05|"M5V"
11|"Abramkovo"|332.106|3863|0.7|0.88|0.26|"K7V"
649|"Dalcour"|397.546|2726|0.3|0.07|0.05|"M5V"
557|"Ciampino"|371.123|3740|0.5|0.86|0.46|"K7V"
258|"Barcelona"|459.609|3741|0.6|0.89|0.42|"K5V"
8|"Aberystwyth"|434.937|3268|0.3|0.57|0.02|"M1V"
2120|"Rapla"|419.917|3871|0.6|0.77|0.53|"K6V"
1365|"Kiruna"|430.026|2496|0.1|0.63|0.08|"M5V"
1100|"Herotitus"|434.101|2459|0.2|0.46|0.03|"M7V"
3089|"Star Cluster 1108"|1988.435|2813|0.2|0.66|0.01|"M1V"
81|"Alma Alta"|261.38|3705|NA|0.81|0.15|"K3V"
3168|"Glory"|1229.239|2932|0.4|0.66|0.02|"M5V"
2395|"Staffin"|207.096|3217|NA|0.56|0.04|"M2V"
2789|"Xinyang"|251.825|3527|0.1|0.52|0.06|"M1V"
2140|"Renorsal"|670.527|2744|0.3|0.6|0.02|"M1V"
1701|"Midway"|320.287|3887|0.7|0.78|0.27|"K3V"
325|"Biham"|80.662|3022|0.2|0.09|NA|"M2V"
1922|"Odessa"|221.364|2580|0.2|0.45|0.07|"M5V"
1573|"Malazan"|286.051|2717|0.4|0.51|0.04|"M5V"
1785|"Nadrin"|348.528|2680|0.1|0.61|0.07|"M3V"
1848|"New Samarkand"|437.038|5729|0.9|1.14|0.8|"G2V"
374|"Bothwell"|483.17|3711|0.8|0.95|0.41|"K3V"
1528|"Lucerne"|232.193|4166|0.5|0.88|0.5|"K3V"
2774|"Woogi"|470.401|2743|0.3|0.68|0.07|"M5V"
224|"Awyron"|489.679|2672|0.1|0.61|0.02|"M3V"
1867|"Nichol's Rest"|274.835|2850|0.2|0.59|0.03|"M5V"
2726|"Watermael"|356.312|2601|0.2|0.48|0.03|"M1V"
1519|"Lost"|486.001|3767|0.8|0.9|0.46|"K5V"
2199|"Sabhal Mòr Ostaig"|347.253|5484|1|1.05|0.94|"G5V"
109|"Alula Borealis"|264.58|2475|0.2|0.57|0.07|"M2V"
198|"Athenry"|35.61|3087|0.2|NA|0.01|"M3V"
2168|"Alsace"|393.762|2836|0.2|0.31|0.02|"M5V"
449|"Camadeierre"|456.738|3861|0.6|0.73|0.54|"K7V"
2981|"Anklan"|1163.436|2698|0.2|NA|0.04|"M2V"
1835|"New Hope"|117.871|3147|0.2|0.65|0.07|"M2V"
1289|"Kandis"|322.107|4429|0.7|0.82|0.54|"K2V"
1931|"Olafsvik"|297.219|2836|0.3|0.59|0.03|"M1V"
2260|"Schiedam"|359.472|2869|0.4|0.15|0.07|"M2V"
762|"Eagle Rest"|601.671|2645|0.2|0.56|0.02|"M2V"
1358|"Kirbyville"|509.729|2978|0.1|0.45|0.02|"M2V"
1117|"Hivrannee"|626.086|4686|0.5|0.82|0.17|"K2V"
1363|"Kirklin"|286.449|3124|0.2|0.69|0.04|"M3V"
2766|"Wisconsin"|336.56|2542|0.4|0.15|NA|"M3V"
862|"Ferranil"|418.481|4097|0.8|0.74|0.08|"K0V"
1760|"Morningside"|171.72|3872|0.6|0.81|0.5|"K7V"
1962|"Outpost"|426.738|4032|0.7|0.85|0.22|"K7V"
411|"Bryceland"|418.23|3229|0.3|0.68|0.05|"M2V"
356|"Bogard"|271.276|2947|0.3|0.32|0.02|"M5V"
134|"Angell"|129.287|5287|0.9|1.15|0.65|"G2V"
288|"Beils"|245.582|2831|0.4|0.14|0.07|"M3V"
1060|"Harrow's Sun"|271.312|3796|0.6|0.73|0.24|"K5V"
1809|"Nerum"|665.532|4138|0.8|0.76|0.48|"K6V"
879|"Flatspin"|465.383|2416|0.2|0.62|0.05|"M8V"
189|"Asellus Borealis"|155.214|3134|0.4|0.19|0.07|"M2V"
999|"Great Gorge"|560.312|3109|0.1|0.46|0.01|"M2V"
591|"Cooperland"|626.985|3923|0.5|0.88|0.42|"K3V"
1403|"Kostinbrod"|406.765|2929|0.3|0.2|0.06|"M4V"
1895|"Northwind"|34.24|3838|0.6|0.88|0.55|"K7V"
1803|"Necedah"|353.968|2889|0.2|0.46|0.02|"M4V"
62|"Alegro"|453.517|3169|0.2|0.43|0.01|"M1V"
2610|"Tylarzka"|294.871|4317|0.7|0.9|0.14|"K0V"
2062|"Premana"|371.655|2589|0.4|0.23|0.03|"M3V"
556|"Chupadero"|442.645|5460|NA|1.06|1.12|"G2V"
1987|"Paris"|197.591|3130|0.3|NA|0.06|"M0V"
689|"Deneb Kaitos"|65.906|3306|0.3|0.33|0.07|"M1V"
2767|"Wittington"|437.116|2873|0.1|0.59|0.05|"M5V"
1490|"Lima"|241.842|2649|0.3|0.19|0.07|"M5V"
1428|"Kuzuu"|70.486|4068|0.5|NA|0.54|"K0V"
2507|"Tedibyhr"|139.973|5522|0.9|1.01|1.46|"G2V"
2138|"Renfield"|444.983|3223|0.4|NA|0.01|"M1V"
2097|"Quimper"|338.27|2674|0.3|0.65|0.08|"M2V"
355|"Boeotia"|210.767|3916|0.6|0.92|0.28|"K5V"
1837|"New Ivaarsen"|229.569|4041|0.8|0.82|0.35|"K5V"
1011|"Groveld"|403.243|3211|0.3|0.69|0.06|"M2V"
124|"Anaheim"|432.199|2779|0.4|0.4|0.03|"M2V"
529|"Chebanse"|247.557|2681|0.3|0.48|0.04|"M3V"
2467|"Talcott"|235.078|4122|0.5|NA|0.12|"K6V"
98|"Altais"|115.948|4242|0.8|NA|0.16|"K5V"
448|"Calvados"|459.103|3179|NA|0.53|0.04|"M3V"
2348|"Skandia"|252.494|3301|0.1|0.38|0.05|"M0V"
515|"Chalouba"|311.958|2629|0.1|0.57|0.02|"M2V"
781|"El Giza"|282.522|4684|0.7|0.72|0.2|"K2V"
701|"Devin"|351.772|3964|0.5|0.91|0.23|"K3V"
2079|"Pula"|354.679|2642|0.3|NA|0.06|"M7V"
1069|"Haynesville"|462.104|5681|1|1.1|0.92|"G2V"
2435|"Summit"|239.97|2436|0.3|0.15|0.04|"M5V"
3174|"Matteo"|328.476|3440|0.2|0.53|0.03|"M1V"
1976|"Pandora"|249.55|2750|0.1|0.13|0.06|"M5V"
524|"Charleywood"|276.572|5362|1|1.07|1.36|"G2V"
2032|"Pingree"|211.805|2587|0.3|0.5|0.01|"M6V"
2717|"Wantorill"|314.683|2506|0.3|0.18|0.04|"M0V"
2693|"Vipaava"|375.662|3279|0.1|0.45|0.03|"M2V"
735|"Dove"|181.695|4859|0.6|0.85|0.26|"K0V"
1315|"Kaznejoy"|355.14|2870|0.1|0.16|0.05|"M4V"
1074|"Heathville"|518.04|2699|0.3|0.14|0.05|"M2V"
327|"Biloela"|351.51|3727|0.7|0.95|0.44|"K7V"
2804|"Ype-Jhu"|688.329|4363|0.8|0.72|0.32|"K5V"
332|"Bismarck"|361.105|3394|0.2|0.52|0.07|"M2V"
733|"Doneval"|198.973|2504|0.1|0.29|NA|"M3V"
1195|"Indrapurai"|567.628|3219|0.1|0.67|0.02|"M3V"
667|"Davisville"|482.089|2519|0.2|0.4|0.08|"M5V"
2592|"Tsamma"|450.196|3942|0.7|0.72|0.57|"K2V"
2967|"Tranquil"|1762.306|2624|0.3|0.16|0.05|"M2V"
2976|"Galicia"|1322.66|3797|0.5|0.87|0.3|"K5V"
616|"Cranston"|397.625|3256|0.1|0.27|0.07|"M1V"
120|"Ammon"|659.668|2833|0.3|0.2|0.07|"M2V"
3173|"Winston"|1317.673|3330|0.3|0.25|0.06|"M1V"
1149|"Hudeiba"|296.021|3255|0.4|0.58|0.01|"M3V"
2920|"Rezak's Hole"|538.627|4497|0.7|NA|0.39|"K2V"
17|"Achilles"|139.519|2504|0.2|0.58|0.05|"M5V"
3075|"Thala"|972.585|5240|1|1.08|1.4|"G5V"
697|"Desolate Plains"|416.418|5754|0.8|1.06|1.48|"G2V"
3061|"Star Cluster 814"|1117.108|5389|1|0.99|1.43|"G4V"
2009|"Pentvar"|328.657|4590|0.6|0.71|0.16|"K0V"
1445|"Laiaka"|114.298|2646|0.1|0.11|0.07|"M3V"
255|"Banori"|509.596|4821|0.8|0.92|0.25|"K1V"
2994|"Greifswald"|945.901|3791|0.8|0.74|0.28|"K3V"
2483|"Tania Borealis"|118.974|3379|0.2|0.36|0.02|"M1V"
236|"Badlands Cluster"|550.426|5374|0.9|1.09|NA|"G2V"
1973|"Palm"|480.801|2841|0.3|NA|0.04|"M2V"
487|"Carver"|21.423|4057|0.6|0.84|0.21|"K5V"
934|"Gangtok"|491.293|2895|NA|0.57|0.01|"M4V"
151|"Aodh"|199.42|3093|0.1|0.43|0.07|"M1V"
1533|"Ludwigshafen"|372.066|2482|0.1|0.54|0.02|"M2V"
1535|"Lungdo"|147.205|4025|0.8|0.95|0.24|"K7V"
2073|"Project Libra Umbrella"|545.104|5499|0.8|NA|0.81|"G5V"
1927|"Ohrensen"|122.845|2665|0.4|0.54|0.08|"M5V"
2227|"Sanilac"|158.705|2663|0.2|0.26|0.01|"M3V"
634|"Cumbres"|253.892|3197|0.2|0.1|0.04|"M0V"
1650|"Mechdur"|438.017|4204|0.8|0.95|0.56|"K5V"
1384|"Kockengen"|187.347|2642|0.3|0.11|0.08|"M0V"
2305|"Sherwood"|576.109|4620|NA|0.96|0.39|"K2V"
584|"Concord"|149.242|4289|0.7|0.76|0.52|"K5V"
536|"Chhaprauli"|409.814|4536|0.7|0.78|0.45|"K1V"
2000|"Payia"|408.009|5781|0.8|1.07|0.94|"G2V"
404|"Brookeland"|445.817|3731|0.8|0.84|0.44|"K6V"
2054|"Port Vail"|546.183|4568|0.5|NA|0.54|"K0V"
259|"Barlaston"|293.832|4004|0.6|0.9|0.53|"K2V"
1455|"Langhorne"|486.118|2439|0.2|0.63|0.01|"M5V"
2102|"Qurayyat"|462.046|2404|0.4|NA|0.01|"M4V"
2558|"Togura"|271.847|2952|0.4|0.51|0.03|"M2V"
764|"Early Dawn"|438.543|4340|0.6|NA|0.09|"K5V"
533|"Cheriton"|409.696|3990|0.7|0.72|0.31|"K6V"
860|"Ferihegy"|422.235|5640|0.8|1.02|0.71|"G2V"
1623|"Matamoras"|430.949|4087|0.5|0.86|0.34|"K6V"
2732|"Weatogue"|293.765|5475|0.9|1.09|0.87|"G2V"
1374|"Klathan"|178.057|2794|0.4|0.34|0.07|"M1V"
2122|"Rasalgethi"|216.273|3357|0.3|0.26|0.07|"M2V"
2383|"Sparta"|302.14|3336|0.4|0.07|0.03|"M2V"
2779|"Wrociaw"|320.163|5567|1|1.11|1.49|"G2V"
3055|"Kazlam"|1632.489|2452|0.4|0.33|0.07|"M1V"
3053|"Interstellar Expeditions Base #14"|1535.02|2832|0.3|0.29|NA|"M4V"
1316|"Kazu"|377.985|4055|0.5|0.71|0.53|"K5V"
872|"Finmark"|524.52|2578|0.4|0.13|0.04|"M5V"
2530|"Thessalonika"|313.612|3956|0.7|0.96|0.55|"K5V"
2069|"Princton"|414.151|5433|1|1.15|0.92|"G5V"
2986|"Bruges"|1185.39|3053|0.4|0.11|0.03|"M4V"
702|"Deweidewd"|302.883|2811|0.4|0.43|0.07|"M6V"
96|"Alta Vista"|506.799|5404|0.9|1.05|1.34|"G5V"
2402|"Starshine"|375.56|3833|0.7|0.85|0.48|"K6V"
1103|"Hè-shì"|359.722|2425|0.2|0.37|0.05|"M3V"
1986|"Parian"|426.031|2700|0.4|0.49|0.07|"M5V"
86|"Alorton"|363.924|4373|0.5|0.76|0.19|"K2V"
2463|"Tabit"|43.576|2556|0.3|0.61|0.04|"M6V"
2987|"Danzig"|1064.164|3893|0.7|0.89|0.13|"K7V"
692|"Derby"|560.73|4095|0.5|0.75|0.56|"K5V"
2770|"Wolof"|337.413|3929|0.6|0.75|0.5|"K5V"
618|"Crawford's Delight"|559.875|2408|0.2|0.57|0.06|"M3V"
2883|"Argos"|515.823|2682|0.4|0.58|0.04|"M2V"
1276|"Kaguyak"|379.567|2854|0.3|0.11|0.04|"M3V"
3028|"Salonika"|1067.065|3775|0.7|0.93|0.34|"K5V"
1724|"Mitchel"|345.876|2510|0.3|0.13|0.05|"M1V"
1643|"McHenry"|198.33|3179|0.4|0.64|0.02|"M2V"
162|"Aquileia"|92.735|3275|0.3|NA|0.06|"M1V"
1850|"New Sarna"|152.313|4177|0.7|0.9|0.27|"K0V"
1138|"Hortense"|508.989|3128|0.4|0.38|0.03|"M1V"
553|"Chouli"|334.009|2545|0.2|0.55|0.07|"M3V"
1282|"Kaldu"|625.535|2836|0.3|0.19|0.06|"M5V"
1026|"Haappajarvi"|277.073|2904|0.3|0.14|0.02|"M1V"
542|"Chinmen Tao"|403.583|2591|0.2|0.34|0.02|"M2V"
696|"Deshler"|227.569|5533|0.9|1.03|0.61|"G2V"
1585|"Mandeville"|727.345|4003|0.5|0.7|0.56|"K0V"
2422|"Streator"|265.155|3354|0.3|0.25|0.03|"M2V"
2511|"Telos"|59.605|5459|0.9|1.03|1.31|"G3V"
3142|"Fable"|272.819|2433|0.3|0.2|0.06|"M0V"
2075|"Propus"|184.226|4280|0.5|0.86|0.59|"K5V"
1615|"Marlette"|160.857|5767|0.9|1|1.4|"G2V"
1305|"Katlehong"|333.063|4236|0.5|0.76|0.41|"K3V"
3000|"Lübeck"|1078.732|2554|0.2|0.21|0.06|"M5V"
2782|"Wynn's Roost"|667.613|2614|0.1|0.46|0.03|"M7V"
834|"Everett"|175.414|4623|0.6|0.84|0.1|"K1V"
2714|"Waldorff"|382.194|2826|NA|0.53|0.02|"M5V"
2579|"Trellisane"|257.235|2848|0.1|NA|0.04|"M5V"
3047|"Caesar's Crown"|665.716|2872|0.2|0.28|0.07|"M2V"
1863|"Newtown Square"|454.59|2770|0.4|0.46|0.04|"M6V"
2797|"Yed Prior"|138.676|5164|0.5|0.71|NA|"K0V"
768|"Echo"|468.229|4133|0.7|0.72|0.28|"K0V"
2685|"Victralla"|442.245|2623|0.2|0.48|0.06|"M5V"
384|"Braum"|332.168|2457|0.4|0.28|0.04|"M2V"
610|"Courcellete"|341.532|2566|0.3|0.24|0.03|"M5V"
853|"Farwell"|161.619|4324|0.5|0.86|0.59|"K3V"
2143|"Rentz"|578.851|2818|0.4|0.09|0.05|"M5V"
1094|"Herat"|272.99|2956|0.1|0.59|0.05|"M5V"
2607|"Tuscarawas"|402.26|3871|0.7|0.78|0.57|"K3V"
2332|"Sighisoara"|385.029|3481|0.3|0.3|NA|"M1V"
2124|"Rastaban"|264.981|2860|NA|0.24|0.08|"M5V"
1670|"Memmingen"|308.667|3660|0.2|0.3|0.05|"M0V"
54|"Albert Falls"|291.568|3210|0.1|0.37|0.06|"M3V"
1652|"Medron"|439.319|2811|0.4|0.44|0.07|"M5V"
1626|"Matsu"|157.13|3962|0.8|0.77|0.59|"K2V"
1498|"Lintz"|220.902|3714|0.5|0.87|NA|"K7V"
818|"Eromanga"|307.609|2521|0.2|0.31|0.07|"M5V"
566|"Clermont"|410.315|2482|0.3|0.21|0.01|"M1V"
2473|"Tallmadge"|279.21|2516|0.2|0.5|0.02|"M4V"
1869|"Nihal"|313.861|5665|NA|0.98|1.29|"G2V"
1899|"Nova Roma"|157.713|4816|0.8|0.94|0.2|"K2V"
1514|"Loongana"|314.319|3852|0.8|0.81|0.32|"K2V"
2700|"Volders"|292.777|2694|0.3|0.46|0.02|"M5V"
2279|"Senftenberg"|208.994|3908|0.7|0.8|0.32|"K3V"
240|"Baker 3"|340.52|3134|0.3|0.19|0.03|"M1V"
64|"Alexandria"|372.951|2835|0.4|0.23|0.04|"M5V"
432|"Caillinius"|556.052|3784|0.7|0.75|0.42|"K6V"
2344|"Sinope"|429.558|3283|0.2|0.46|0.05|"M1V"
2885|"Blackbone"|499.083|3139|NA|0.35|0.03|"M1V"
1277|"Kaifeng"|168.386|2731|0.3|0.6|0.07|"M2V"
1865|"Ngake"|263.991|2782|0.4|NA|0.07|"M6V"
1664|"Mejicanos"|506.009|2405|0.1|0.25|0.07|"M6V"
2326|"Sialkot"|542.589|2467|0.2|0.61|0.08|"M6V"
1198|"Ingonish"|355.186|4052|0.7|0.86|0.08|"K0V"
1447|"Lamon"|136.449|5481|0.8|0.98|1.42|"G5V"
2371|"Solaris"|122.518|2615|0.3|0.46|0.08|"M6V"
2941|"Foster"|1733.744|2602|0.3|0.09|0.05|"M3V"
882|"Fletcher"|220.627|3001|NA|NA|0.02|"M3V"
